{
  "timestamp": "2025-07-23 11:38:26",
  "test_samples": 100,
  "results": [
    {
      "model_path": "work_dirs\\premium_gpu_best_model.pth",
      "model_name": "premium_gpu_best_model.pth",
      "epoch": 49,
      "reported_miou": 0.8514525294667468,
      "actual_miou": 0.7840349773735268,
      "lane_miou": 0.6852397599120681,
      "discrepancy": 6.7417552093219975,
      "class_ious": [
        0.9816254122964442,
        0.705318990582608,
        0.665160529241528
      ],
      "pred_lane_coverage": 0.05086843784038837,
      "gt_lane_coverage": 0.04814819189218374,
      "test_time": 6.977475166320801,
      "samples_tested": 104,
      "loading_success": true
    },
    {
      "model_path": "model_backups\\epoch50_final_masterpiece_20250722_194650\\premium_gpu_best_model_EPOCH50_FINAL_MASTERPIECE.pth",
      "model_name": "premium_gpu_best_model_EPOCH50_FINAL_MASTERPIECE.pth",
      "epoch": 49,
      "reported_miou": 0.8514525294667468,
      "actual_miou": 0.7840349773735268,
      "lane_miou": 0.6852397599120681,
      "discrepancy": 6.7417552093219975,
      "class_ious": [
        0.9816254122964442,
        0.705318990582608,
        0.665160529241528
      ],
      "pred_lane_coverage": 0.05086843784038837,
      "gt_lane_coverage": 0.04814819189218374,
      "test_time": 4.400185823440552,
      "samples_tested": 104,
      "loading_success": true
    },
    {
      "model_path": "model_backups\\epoch48_sustained_excellence_20250722_192649\\premium_gpu_best_model_EPOCH48_SUSTAINED.pth",
      "model_name": "premium_gpu_best_model_EPOCH48_SUSTAINED.pth",
      "epoch": 47,
      "reported_miou": 0.8493214790812085,
      "actual_miou": 0.7818739594608233,
      "lane_miou": 0.6821660187971694,
      "discrepancy": 6.74475196203852,
      "class_ious": [
        0.981289840788131,
        0.698490445071707,
        0.6658415925226319
      ],
      "pred_lane_coverage": 0.05195698371300331,
      "gt_lane_coverage": 0.04814819189218374,
      "test_time": 4.344873666763306,
      "samples_tested": 104,
      "loading_success": true
    },
    {
      "model_path": "model_backups\\epoch46_85_percent_milestone_20250722_191631\\premium_gpu_best_model_EPOCH46_85PERCENT.pth",
      "model_name": "premium_gpu_best_model_EPOCH46_85PERCENT.pth",
      "epoch": 45,
      "reported_miou": 0.8496341207798036,
      "actual_miou": 0.7830149929777793,
      "lane_miou": 0.6837035256136516,
      "discrepancy": 6.661912780202428,
      "class_ious": [
        0.981637927706035,
        0.7009343937171859,
        0.6664726575101172
      ],
      "pred_lane_coverage": 0.05045535014225887,
      "gt_lane_coverage": 0.04814819189218374,
      "test_time": 4.436190366744995,
      "samples_tested": 104,
      "loading_success": true
    },
    {
      "model_path": "model_backups\\epoch45_ultimate_breakthrough_20250722_191123\\premium_gpu_best_model_EPOCH45_ULTIMATE.pth",
      "model_name": "premium_gpu_best_model_EPOCH45_ULTIMATE.pth",
      "epoch": 44,
      "reported_miou": 0.8479919612499545,
      "actual_miou": 0.7729026172246094,
      "lane_miou": 0.669082243623216,
      "discrepancy": 7.508934402534506,
      "class_ious": [
        0.980543364427396,
        0.6849928032070983,
        0.6531716840393338
      ],
      "pred_lane_coverage": 0.050362000098595254,
      "gt_lane_coverage": 0.04814819189218374,
      "test_time": 4.6463623046875,
      "samples_tested": 104,
      "loading_success": true
    },
    {
      "model_path": "model_backups\\epoch43_world_breakthrough_20250722_190134\\premium_gpu_best_model_EPOCH43_BREAKTHROUGH.pth",
      "model_name": "premium_gpu_best_model_EPOCH43_BREAKTHROUGH.pth",
      "epoch": 42,
      "reported_miou": 0.845436409061927,
      "actual_miou": 0.7743693037554685,
      "lane_miou": 0.6712364464715093,
      "discrepancy": 7.106710530645843,
      "class_ious": [
        0.9806350183233871,
        0.6888723313519337,
        0.6536005615910847
      ],
      "pred_lane_coverage": 0.051564473372239336,
      "gt_lane_coverage": 0.04814819189218374,
      "test_time": 4.35826563835144,
      "samples_tested": 104,
      "loading_success": true
    },
    {
      "model_path": "model_backups\\epoch40_new_record_20250722_184450\\premium_gpu_best_model_EPOCH40_RECORD.pth",
      "model_name": "premium_gpu_best_model_EPOCH40_RECORD.pth",
      "epoch": 39,
      "reported_miou": 0.8390439748139941,
      "actual_miou": 0.7710107632520801,
      "lane_miou": 0.6661528991917183,
      "discrepancy": 6.8033211561914,
      "class_ious": [
        0.9807264913728037,
        0.6852459968904775,
        0.6470598014929592
      ],
      "pred_lane_coverage": 0.04989477304311899,
      "gt_lane_coverage": 0.04814819189218374,
      "test_time": 4.524968862533569,
      "samples_tested": 104,
      "loading_success": true
    },
    {
      "model_path": "model_backups\\epoch39_full_recovery_20250722_184340\\premium_gpu_best_model_EPOCH39_RECOVERY.pth",
      "model_name": "premium_gpu_best_model_EPOCH39_RECOVERY.pth",
      "epoch": 38,
      "reported_miou": 0.8372825225677238,
      "actual_miou": 0.7642869097518465,
      "lane_miou": 0.6566354186556835,
      "discrepancy": 7.29956128158773,
      "class_ious": [
        0.9795898919441727,
        0.6685837491794763,
        0.6446870881318908
      ],
      "pred_lane_coverage": 0.05075773826012245,
      "gt_lane_coverage": 0.04814819189218374,
      "test_time": 4.532105207443237,
      "samples_tested": 104,
      "loading_success": true
    },
    {
      "model_path": "model_backups\\epoch30_sustained_peak_20250722_175508\\premium_gpu_best_model_EPOCH30_SUSTAINED.pth",
      "model_name": "premium_gpu_best_model_EPOCH30_SUSTAINED.pth",
      "epoch": 29,
      "reported_miou": 0.8371168780548897,
      "actual_miou": 0.7726176098000884,
      "lane_miou": 0.6686863692487888,
      "discrepancy": 6.449926825480123,
      "class_ious": [
        0.9804800909026877,
        0.6862933050591322,
        0.6510794334384454
      ],
      "pred_lane_coverage": 0.051059759580172025,
      "gt_lane_coverage": 0.04814819189218374,
      "test_time": 4.509636402130127,
      "samples_tested": 104,
      "loading_success": true
    },
    {
      "model_path": "model_backups\\epoch29_optimal_performance_20250722_175254\\premium_gpu_best_model_EPOCH29_OPTIMAL.pth",
      "model_name": "premium_gpu_best_model_EPOCH29_OPTIMAL.pth",
      "epoch": 28,
      "reported_miou": 0.8368277675337751,
      "actual_miou": 0.7721340038304477,
      "lane_miou": 0.6679809992185808,
      "discrepancy": 6.469376370332736,
      "class_ious": [
        0.9804400130541817,
        0.6852938390800557,
        0.6506681593571059
      ],
      "pred_lane_coverage": 0.050963328434870794,
      "gt_lane_coverage": 0.04814819189218374,
      "test_time": 4.588828086853027,
      "samples_tested": 104,
      "loading_success": true
    },
    {
      "model_path": "model_backups\\epoch28_new_peak_20250722_174516\\premium_gpu_best_model_EPOCH28_837.pth",
      "model_name": "premium_gpu_best_model_EPOCH28_837.pth",
      "epoch": 27,
      "reported_miou": 0.8365907654539528,
      "actual_miou": 0.7715799014872552,
      "lane_miou": 0.6671758764061397,
      "discrepancy": 6.5010863966697645,
      "class_ious": [
        0.980387951649486,
        0.6854423286793025,
        0.648909424132977
      ],
      "pred_lane_coverage": 0.05105157998891977,
      "gt_lane_coverage": 0.04814819189218374,
      "test_time": 4.387971878051758,
      "samples_tested": 104,
      "loading_success": true
    },
    {
      "model_path": "model_backups\\epoch27_stable_peak_20250722_173943\\premium_gpu_best_model_EPOCH27_STABLE.pth",
      "model_name": "premium_gpu_best_model_EPOCH27_STABLE.pth",
      "epoch": 26,
      "reported_miou": 0.8340368795190927,
      "actual_miou": 0.7671928350141863,
      "lane_miou": 0.6608010417260202,
      "discrepancy": 6.684404450490633,