{
  "validation_summary": {
    "total_models_tested": 21,
    "validation_samples": 500,
    "best_model": "model_backups\\epoch50_final_masterpiece_20250722_194650\\premium_gpu_best_model_EPOCH50_FINAL_MASTERPIECE.pth",
    "best_actual_miou": 0.8013005019097351,
    "timestamp": "20250723_112903"
  },
  "detailed_results": [
    {
      "model_info": {
        "epoch": 49,
        "reported_miou": 0.8514525294667468,
        "reported_balanced_score": 0.7739111467879265,
        "approach": "unknown",
        "checkpoint_path": "model_backups\\epoch50_final_masterpiece_20250722_194650\\premium_gpu_best_model_EPOCH50_FINAL_MASTERPIECE.pth"
      },
      "samples_tested": 504,
      "inference_time_ms": 37.025379283087595,
      "background_iou": 0.9847320260426713,
      "white_solid_iou": 0.7215183892450067,
      "white_dashed_iou": 0.6976510904415275,
      "overall_miou": 0.8013005019097351,
      "lane_miou": 0.7095847398432671,
      "pixel_accuracy": 0.9851496711609855,
      "lane_recall": 1.0612375669991,
      "lane_precision": 0.8109900179657814,
      "lane_f1": 0.9193893738540405,
      "reported_vs_actual_diff": 0.05015202755701165
    },
    {
      "model_info": {
        "epoch": 49,
        "reported_miou": 0.8514525294667468,
        "reported_balanced_score": 0.7739111467879265,
        "approach": "unknown",
        "checkpoint_path": "work_dirs\\premium_gpu_best_model.pth"
      },
      "samples_tested": 504,
      "inference_time_ms": 37.719366569367665,
      "background_iou": 0.9847320260426713,
      "white_solid_iou": 0.7215183892450067,
      "white_dashed_iou": 0.6976510904415275,
      "overall_miou": 0.8013005019097351,
      "lane_miou": 0.7095847398432671,
      "pixel_accuracy": 0.9851496711609855,
      "lane_recall": 1.0612375669991,
      "lane_precision": 0.8109900179657814,
      "lane_f1": 0.9193893738540405,
      "reported_vs_actual_diff": 0.05015202755701165
    },
    {
      "model_info": {
        "epoch": 47,
        "reported_miou": 0.8493214790812085,
        "reported_balanced_score": 0.7716842629584385,
        "approach": "unknown",
        "checkpoint_path": "model_backups\\epoch48_sustained_excellence_20250722_192649\\premium_gpu_best_model_EPOCH48_SUSTAINED.pth"
      },
      "samples_tested": 504,
      "inference_time_ms": 36.95024242476812,
      "background_iou": 0.9845900591296234,
      "white_solid_iou": 0.7184610977087349,
      "white_dashed_iou": 0.697402140887003,
      "overall_miou": 0.8001510992417872,
      "lane_miou": 0.707931619297869,
      "pixel_accuracy": 0.9849902637421138,
      "lane_recall": 1.0710857761761412,
      "lane_precision": 0.8066793159329935,
      "lane_f1": 0.9202671248519646,
      "reported_vs_actual_diff": 0.0491703798394213
    },
    {
      "model_info": {
        "epoch": 45,
        "reported_miou": 0.8496341207798036,
        "reported_balanced_score": 0.7719062017864186,
        "approach": "unknown",
        "checkpoint_path": "model_backups\\epoch46_85_percent_milestone_20250722_191631\\premium_gpu_best_model_EPOCH46_85PERCENT.pth"
      },
      "samples_tested": 504,
      "inference_time_ms": 37.27946489576309,
      "background_iou": 0.9846471664373252,
      "white_solid_iou": 0.7166540989506545,
      "white_dashed_iou": 0.6979616508741467,
      "overall_miou": 0.7997543054207088,
      "lane_miou": 0.7073078749124007,
      "pixel_accuracy": 0.9850504738943917,
      "lane_recall": 1.0540636333706321,
      "lane_precision": 0.8121771324328659,
      "lane_f1": 0.9174447315045604,
      "reported_vs_actual_diff": 0.0498798153590948
    },
    {
      "model_info": {
        "epoch": 44,
        "reported_miou": 0.8479919612499545,
        "reported_balanced_score": 0.7700693216083897,
        "approach": "unknown",
        "checkpoint_path": "model_backups\\epoch45_ultimate_breakthrough_20250722_191123\\premium_gpu_best_model_EPOCH45_ULTIMATE.pth"
      },
      "samples_tested": 504,
      "inference_time_ms": 36.96892375037784,
      "background_iou": 0.9842629536481508,
      "white_solid_iou": 0.7102152908824926,
      "white_dashed_iou": 0.6912986573081343,
      "overall_miou": 0.7952589672795926,
      "lane_miou": 0.7007569740953135,
      "pixel_accuracy": 0.9846767243884859,
      "lane_recall": 1.0513023681664768,
      "lane_precision": 0.8088851447532062,
      "lane_f1": 0.9142980074293681,
      "reported_vs_actual_diff": 0.05273299397036191
    },
    {
      "model_info": {
        "epoch": 42,
        "reported_miou": 0.845436409061927,
        "reported_balanced_score": 0.7672985144722511,
        "approach": "unknown",
        "checkpoint_path": "model_backups\\epoch43_world_breakthrough_20250722_190134\\premium_gpu_best_model_EPOCH43_BREAKTHROUGH.pth"
      },
      "samples_tested": 504,
      "inference_time_ms": 37.54145758492606,
      "background_iou": 0.9840526225535348,
      "white_solid_iou": 0.7086335832474964,
      "white_dashed_iou": 0.689020142272472,
      "overall_miou": 0.7939021160245009,
      "lane_miou": 0.6988268627599842,
      "pixel_accuracy": 0.984438419342041,
      "lane_recall": 1.072714950651311,
      "lane_precision": 0.8005983911608975,
      "lane_f1": 0.9168929132110709,
      "reported_vs_actual_diff": 0.05153429303742607
    },
    {
      "model_info": {
        "epoch": 29,
        "reported_miou": 0.8371168780548897,
        "reported_balanced_score": 0.7580732155818206,
        "approach": "unknown",
        "checkpoint_path": "model_backups\\epoch30_sustained_peak_20250722_175508\\premium_gpu_best_model_EPOCH30_SUSTAINED.pth"
      },
      "samples_tested": 504,
      "inference_time_ms": 4498.163815528627,
      "background_iou": 0.9839575605889127,
      "white_solid_iou": 0.7056363111178235,
      "white_dashed_iou": 0.6884229644570949,
      "overall_miou": 0.7926722787212771,
      "lane_miou": 0.6970296377874592,
      "pixel_accuracy": 0.9843593400622171,
      "lane_recall": 1.0643810966052505,
      "lane_precision": 0.8019179915387756,
      "lane_f1": 0.9146940666089551,
      "reported_vs_actual_diff": 0.044444599333612556
    },
    {
      "model_info": {
        "epoch": 28,
        "reported_miou": 0.8368277675337751,
        "reported_balanced_score": 0.7577466955986196,
        "approach": "unknown",
        "checkpoint_path": "model_backups\\epoch29_optimal_performance_20250722_175254\\premium_gpu_best_model_EPOCH29_OPTIMAL.pth"
      },
      "samples_tested": 504,
      "inference_time_ms": 54.600172099613005,
      "background_iou": 0.983945398311989,
      "white_solid_iou": 0.7051380440767054,
      "white_dashed_iou": 0.687810384725388,
      "overall_miou": 0.7922979423713609,
      "lane_miou": 0.6964742144010467,
      "pixel_accuracy": 0.9843454588027227,
      "lane_recall": 1.062112189351101,
      "lane_precision": 0.8024257645195685,
      "lane_f1": 0.9141848614841614,
      "reported_vs_actual_diff": 0.044529825162414216
    },
    {
      "model_info": {
        "epoch": 27,
        "reported_miou": 0.8365907654539528,
        "reported_balanced_score": 0.7574990403906523,
        "approach": "unknown",
        "checkpoint_path": "model_backups\\epoch28_new_peak_20250722_174516\\premium_gpu_best_model_EPOCH28_837.pth"
      },
      "samples_tested": 504,
      "inference_time_ms": 37.46207082082355,
      "background_iou": 0.9838711444324625,
      "white_solid_iou": 0.7044398945292002,
      "white_dashed_iou": 0.6866904571901841,
      "overall_miou": 0.791667165383949,
      "lane_miou": 0.6955651758596921,
      "pixel_accuracy": 0.98427428896465,
      "lane_recall": 1.0642160437979789,
      "lane_precision": 0.8010525952228623,
      "lane_f1": 0.914069969256212,
      "reported_vs_actual_diff": 0.044923600070003844
    },
    {
      "model_info": {
        "epoch": 25,
        "reported_miou": 0.833656724013526,
        "reported_balanced_score": 0.7542462252488823,
        "approach": "unknown",